[{"uid":"blt0c0b46f721dea95e","content_type":"image/png","file_size":"78256","tags":[],"filename":"gaming-blog-post.png","url":"https://images.contentstack.io/v3/assets/bltd54883dc2bec88dc/blt0c0b46f721dea95e/5f8432ebf9d3bf27fac3a4e1/gaming-blog-post.png","ACL":{},"is_dir":false,"parent_uid":null,"_version":1,"title":"gaming-blog-post.png","publish_details":[{"environment":"blt2d0475c75ad53cbe","locale":"en-us","time":"2020-10-13T05:33:30.158Z","user":"bltf01cfddcefa2394d","version":1},{"environment":"bltc19480c2910c3397","locale":"en-us","time":"2020-10-16T13:22:47.394Z","user":"bltf01cfddcefa2394d","version":1}]}]