{"blt2d0475c75ad53cbe":{"deploy_content":false,"servers":[],"urls":[{"url":"","locale":"en-us"}],"name":"development","ACL":[],"_version":1,"created_by":"bltf01cfddcefa2394d","updated_by":"bltf01cfddcefa2394d","created_at":"2020-10-12T09:39:11.279Z","updated_at":"2020-10-12T09:39:11.279Z"},"bltc19480c2910c3397":{"deploy_content":false,"servers":[],"urls":[{"url":"","locale":"en-us"}],"name":"production","created_by":"bltf01cfddcefa2394d","updated_by":"bltf01cfddcefa2394d","created_at":"2020-10-16T13:21:34.803Z","updated_at":"2020-10-16T13:21:34.803Z","ACL":[],"_version":1}}