[{"uid":"blt3d46594c335524f4","content_type":"image/png","file_size":"12058","tags":[],"filename":"safe.png","url":"https://images.contentstack.io/v3/assets/bltd54883dc2bec88dc/blt3d46594c335524f4/5f84246bfa1c110d5672bdf8/safe.png","ACL":{},"is_dir":false,"_version":1,"title":"safe.png","publish_details":[{"environment":"blt2d0475c75ad53cbe","locale":"en-us","time":"2020-10-13T05:35:53.655Z","user":"bltf01cfddcefa2394d","version":1},{"environment":"bltc19480c2910c3397","locale":"en-us","time":"2020-10-16T13:21:58.988Z","user":"bltf01cfddcefa2394d","version":1}]}]