{"bltc3df31aa26de0bb4":{"locale":"en-us","copyright":"Copyright © Contentstack 2020","freelancer":{"body":"<p>Freelance is a free to use, open source Bootstrap theme created by <a href=\"\\\" https:=\"\" startbootstrap.com=\"\" \\\"\"=\"\">Start Bootstrap</a>.</p>","title":"ABOUT FREELANCER"},"location":{"address":"319, Chandansar Road Chandansar, Chandansar, Virar, Maharashtra 401305","title":"LOCATION"},"social":{"social_links":[{"title":"Facebook","_metadata":{"uid":"cs7546b5fef7f8b5d6"},"url":"#","fontawesome_class":"fa fa-facebook"},{"title":"Google Plus","_metadata":{"uid":"cs429d2fdd7c971baa"},"url":"#","fontawesome_class":"fa fa-google-plus"},{"title":"Twitter","_metadata":{"uid":"cs2c73e9aa55948fc9"},"url":"#","fontawesome_class":"fa fa-twitter"},{"title":"Linked In","_metadata":{"uid":"csf8650fa16b9227f6"},"url":"#","fontawesome_class":"fa fa-linkedin"},{"title":"Dribble","_metadata":{"uid":"cs82a86f8bf9973f1f"},"url":"#","fontawesome_class":"fa fa-dribbble"}],"title":"AROUND THE WEB"},"title":"Footer","ACL":{},"tags":[],"uid":"bltc3df31aa26de0bb4","created_by":"bltf01cfddcefa2394d","updated_by":"bltf01cfddcefa2394d","created_at":"2020-10-12T09:44:49.137Z","updated_at":"2020-10-13T05:36:47.713Z","_version":2,"_in_progress":false,"publish_details":[{"environment":"blt2d0475c75ad53cbe","locale":"en-us","time":"2020-10-13T05:36:50.918Z","user":"bltf01cfddcefa2394d","version":2},{"environment":"bltc19480c2910c3397","locale":"en-us","time":"2020-10-16T13:22:28.587Z","user":"bltf01cfddcefa2394d","version":2}]}}