[{"uid":"blt14e3b7bb964189ff","content_type":"image/jpeg","file_size":"58217","tags":[],"filename":"game_carousel_1.jpg","url":"https://images.contentstack.io/v3/assets/bltd54883dc2bec88dc/blt14e3b7bb964189ff/5f8432ac1529bb3239a1d8f9/game_carousel_1.jpg","ACL":{},"is_dir":false,"parent_uid":null,"_version":1,"title":"game_carousel_1.jpg","publish_details":[{"environment":"blt2d0475c75ad53cbe","locale":"en-us","time":"2020-10-13T05:33:30.158Z","user":"bltf01cfddcefa2394d","version":1},{"environment":"bltc19480c2910c3397","locale":"en-us","time":"2020-10-16T13:22:47.394Z","user":"bltf01cfddcefa2394d","version":1}]}]