[{"uid":"bltcaf165218c142abc","content_type":"image/jpeg","file_size":"71901","tags":[],"filename":"game_carousel_4.jpg","url":"https://images.contentstack.io/v3/assets/bltd54883dc2bec88dc/bltcaf165218c142abc/5f8432ab3bf9954172cf641b/game_carousel_4.jpg","ACL":{},"is_dir":false,"parent_uid":null,"_version":1,"title":"game_carousel_4.jpg","publish_details":[{"environment":"blt2d0475c75ad53cbe","locale":"en-us","time":"2020-10-13T05:33:30.158Z","user":"bltf01cfddcefa2394d","version":1},{"environment":"bltc19480c2910c3397","locale":"en-us","time":"2020-10-16T13:22:47.394Z","user":"bltf01cfddcefa2394d","version":1}]}]