[{"uid":"blt80e44206e8ca7931","content_type":"image/png","file_size":"24293","tags":[],"filename":"submarine.png","url":"https://images.contentstack.io/v3/assets/bltd54883dc2bec88dc/blt80e44206e8ca7931/5f84246b6c54ba0f72c1a53e/submarine.png","ACL":{},"is_dir":false,"parent_uid":null,"_version":1,"title":"submarine.png","publish_details":[{"environment":"blt2d0475c75ad53cbe","locale":"en-us","time":"2020-10-13T05:35:53.655Z","user":"bltf01cfddcefa2394d","version":1},{"environment":"bltc19480c2910c3397","locale":"en-us","time":"2020-10-16T13:21:58.988Z","user":"bltf01cfddcefa2394d","version":1}]}]