[{"uid":"bltaf7e82637bcb1ac4","content_type":"image/jpeg","file_size":"104784","tags":[],"filename":"science_and_technology.jpg","url":"https://images.contentstack.io/v3/assets/bltd54883dc2bec88dc/bltaf7e82637bcb1ac4/5f8432eaace59e4b82916310/science_and_technology.jpg","ACL":{},"is_dir":false,"parent_uid":null,"_version":1,"title":"science_and_technology.jpg","publish_details":[{"environment":"blt2d0475c75ad53cbe","locale":"en-us","time":"2020-10-13T05:33:30.158Z","user":"bltf01cfddcefa2394d","version":1},{"environment":"bltc19480c2910c3397","locale":"en-us","time":"2020-10-16T13:22:47.394Z","user":"bltf01cfddcefa2394d","version":1}]}]