[{"uid":"blt8a48baced9b4641f","content_type":"image/png","file_size":"36477","tags":[],"filename":"cabin.png","url":"https://images.contentstack.io/v3/assets/bltd54883dc2bec88dc/blt8a48baced9b4641f/5f84245e18967612e58a0720/cabin.png","ACL":{},"is_dir":false,"_version":1,"title":"cabin.png","publish_details":[{"environment":"blt2d0475c75ad53cbe","locale":"en-us","time":"2020-10-13T05:35:53.655Z","user":"bltf01cfddcefa2394d","version":1},{"environment":"bltc19480c2910c3397","locale":"en-us","time":"2020-10-16T13:21:58.988Z","user":"bltf01cfddcefa2394d","version":1}]}]