{"blta395d899a33bcd2c":{"locale":"en-us","menu":[{"title":"Portfolio","hash_link":"portfolio","_metadata":{"uid":"cs9100c560215a4e0e"}},{"title":"Blogs","hash_link":"blogs","_metadata":{"uid":"cs5488eea1a7fc688a"}},{"title":"About","hash_link":"about","_metadata":{"uid":"csf9b308ee143c9ec7"}},{"title":"Contact","hash_link":"contact","_metadata":{"uid":"csdb3b64e6f9309745"}}],"tags":[],"title":"Start Bootstrap","ACL":{},"uid":"blta395d899a33bcd2c","created_by":"bltf01cfddcefa2394d","updated_by":"bltf01cfddcefa2394d","created_at":"2020-10-12T09:44:47.826Z","updated_at":"2020-10-12T09:44:47.826Z","_version":1,"_in_progress":false,"publish_details":[{"environment":"blt2d0475c75ad53cbe","locale":"en-us","time":"2020-10-12T09:44:50.031Z","user":"bltf01cfddcefa2394d","version":1},{"environment":"bltc19480c2910c3397","locale":"en-us","time":"2020-10-16T13:22:13.195Z","user":"bltf01cfddcefa2394d","version":1}]}}