[{"uid":"blt0f7bc39ffefee6dc","content_type":"image/jpeg","file_size":"39133","tags":[],"filename":"travel-blog-banner.jpg","url":"https://images.contentstack.io/v3/assets/bltd54883dc2bec88dc/blt0f7bc39ffefee6dc/5f8432eb1252ff30caf6054a/travel-blog-banner.jpg","ACL":{},"is_dir":false,"parent_uid":null,"_version":1,"title":"travel-blog-banner.jpg","publish_details":[{"environment":"blt2d0475c75ad53cbe","locale":"en-us","time":"2020-10-13T05:33:30.158Z","user":"bltf01cfddcefa2394d","version":1},{"environment":"bltc19480c2910c3397","locale":"en-us","time":"2020-10-16T13:22:47.394Z","user":"bltf01cfddcefa2394d","version":1}]}]