[{"uid":"blt7cf2319ea3dae11d","content_type":"image/jpeg","file_size":"42366","tags":[],"filename":"game_carousel_3.jpg","url":"https://images.contentstack.io/v3/assets/bltd54883dc2bec88dc/blt7cf2319ea3dae11d/5f8432ac2f59ae27f3d5f467/game_carousel_3.jpg","ACL":{},"is_dir":false,"parent_uid":null,"_version":1,"title":"game_carousel_3.jpg","publish_details":[{"environment":"blt2d0475c75ad53cbe","locale":"en-us","time":"2020-10-13T05:33:30.158Z","user":"bltf01cfddcefa2394d","version":1},{"environment":"bltc19480c2910c3397","locale":"en-us","time":"2020-10-16T13:22:47.394Z","user":"bltf01cfddcefa2394d","version":1}]}]