[{"uid":"blt52d1f31cfe7275eb","content_type":"image/png","file_size":"25859","tags":[],"filename":"game.png","url":"https://images.contentstack.io/v3/assets/bltd54883dc2bec88dc/blt52d1f31cfe7275eb/5f84247882eaa522ca5fb7e5/game.png","ACL":{},"is_dir":false,"_version":1,"title":"game.png","publish_details":[{"environment":"blt2d0475c75ad53cbe","locale":"en-us","time":"2020-10-13T05:35:53.655Z","user":"bltf01cfddcefa2394d","version":1},{"environment":"bltc19480c2910c3397","locale":"en-us","time":"2020-10-16T13:21:58.988Z","user":"bltf01cfddcefa2394d","version":1}]}]