{"blt9ccba71e0a0bf115":{"uid":"blt9ccba71e0a0bf115","content_type":"image/jpeg","file_size":"60474","tags":[],"filename":"travel-blog-3.jpg","url":"https://images.contentstack.io/v3/assets/bltd54883dc2bec88dc/blt9ccba71e0a0bf115/5f8433506ffd1b42dc42a1d5/travel-blog-3.jpg","ACL":{"roles":[],"others":{"read":false,"create":false,"update":false,"delete":false,"sub_acl":{"read":false,"create":false,"update":false,"delete":false,"publish":false}}},"is_dir":false,"parent_uid":null,"_version":1,"title":"travel-blog-3.jpg","publish_details":[{"environment":"blt2d0475c75ad53cbe","locale":"en-us","time":"2020-10-13T05:33:30.158Z","user":"bltf01cfddcefa2394d","version":1},{"environment":"bltc19480c2910c3397","locale":"en-us","time":"2020-10-16T13:22:47.394Z","user":"bltf01cfddcefa2394d","version":1}]},"bltcb0043d8c01d14aa":{"uid":"bltcb0043d8c01d14aa","content_type":"image/jpeg","file_size":"122858","tags":[],"filename":"food-blog-banner.jpg","url":"https://images.contentstack.io/v3/assets/bltd54883dc2bec88dc/bltcb0043d8c01d14aa/5f8432ec3f523326420763ef/food-blog-banner.jpg","ACL":{"roles":[],"others":{"read":false,"create":false,"update":false,"delete":false,"sub_acl":{"read":false,"create":false,"update":false,"delete":false,"publish":false}}},"is_dir":false,"parent_uid":null,"_version":1,"title":"food-blog-banner.jpg","publish_details":[{"environment":"blt2d0475c75ad53cbe","locale":"en-us","time":"2020-10-13T05:33:30.158Z","user":"bltf01cfddcefa2394d","version":1},{"environment":"bltc19480c2910c3397","locale":"en-us","time":"2020-10-16T13:22:47.394Z","user":"bltf01cfddcefa2394d","version":1}]},"blt066dae2b61a59d60":{"uid":"blt066dae2b61a59d60","content_type":"image/jpeg","file_size":"143587","tags":[],"filename":"travel-blog-1.jpg","url":"https://images.contentstack.io/v3/assets/bltd54883dc2bec88dc/blt066dae2b61a59d60/5f843351dcf0e74b7cbf4e06/travel-blog-1.jpg","ACL":{"roles":[],"others":{"read":false,"create":false,"update":false,"delete":false,"sub_acl":{"read":false,"create":false,"update":false,"delete":false,"publish":false}}},"is_dir":false,"parent_uid":null,"_version":1,"title":"travel-blog-1.jpg","publish_details":[{"environment":"blt2d0475c75ad53cbe","locale":"en-us","time":"2020-10-13T05:33:30.158Z","user":"bltf01cfddcefa2394d","version":1},{"environment":"bltc19480c2910c3397","locale":"en-us","time":"2020-10-16T13:22:47.394Z","user":"bltf01cfddcefa2394d","version":1}]},"blta7faa6ad5d90e9a2":{"uid":"blta7faa6ad5d90e9a2","content_type":"image/jpeg","file_size":"265058","tags":[],"filename":"travel-blog-2.jpg","url":"https://images.contentstack.io/v3/assets/bltd54883dc2bec88dc/blta7faa6ad5d90e9a2/5f8433523f523326420763f3/travel-blog-2.jpg","ACL":{"roles":[],"others":{"read":false,"create":false,"update":false,"delete":false,"sub_acl":{"read":false,"create":false,"update":false,"delete":false,"publish":false}}},"is_dir":false,"parent_uid":null,"_version":1,"title":"travel-blog-2.jpg","publish_details":[{"environment":"blt2d0475c75ad53cbe","locale":"en-us","time":"2020-10-13T05:33:30.158Z","user":"bltf01cfddcefa2394d","version":1},{"environment":"bltc19480c2910c3397","locale":"en-us","time":"2020-10-16T13:22:47.394Z","user":"bltf01cfddcefa2394d","version":1}]},"bltf4ce755cdc201de2":{"uid":"bltf4ce755cdc201de2","content_type":"image/jpeg","file_size":"91782","tags":[],"filename":"blog-list-hero-banner.jpg","url":"https://images.contentstack.io/v3/assets/bltd54883dc2bec88dc/bltf4ce755cdc201de2/5f8432ec2f59ae27f3d5f46b/blog-list-hero-banner.jpg","ACL":{"roles":[],"others":{"read":false,"create":false,"update":false,"delete":false,"sub_acl":{"read":false,"create":false,"update":false,"delete":false,"publish":false}}},"is_dir":false,"parent_uid":null,"_version":1,"title":"blog-list-hero-banner.jpg","publish_details":[]},"blt80e44206e8ca7931":{"uid":"blt80e44206e8ca7931","content_type":"image/png","file_size":"24293","tags":[],"filename":"submarine.png","url":"https://images.contentstack.io/v3/assets/bltd54883dc2bec88dc/blt80e44206e8ca7931/5f84246b6c54ba0f72c1a53e/submarine.png","ACL":{"roles":[],"others":{"read":false,"create":false,"update":false,"delete":false,"sub_acl":{"read":false,"create":false,"update":false,"delete":false,"publish":false}}},"is_dir":false,"parent_uid":null,"_version":1,"title":"submarine.png","publish_details":[{"environment":"blt2d0475c75ad53cbe","locale":"en-us","time":"2020-10-13T05:35:53.655Z","user":"bltf01cfddcefa2394d","version":1},{"environment":"bltc19480c2910c3397","locale":"en-us","time":"2020-10-16T13:21:58.988Z","user":"bltf01cfddcefa2394d","version":1}]},"bltca899ee086c970e7":{"uid":"bltca899ee086c970e7","content_type":"image/png","file_size":"10247","tags":[],"filename":"profile.png","url":"https://images.contentstack.io/v3/assets/bltd54883dc2bec88dc/bltca899ee086c970e7/5f84246c18bf360ec7ca23b6/profile.png","ACL":{"roles":[],"others":{"read":false,"create":false,"update":false,"delete":false,"sub_acl":{"read":false,"create":false,"update":false,"delete":false,"publish":false}}},"is_dir":false,"_version":1,"title":"profile.png","publish_details":[{"environment":"blt2d0475c75ad53cbe","locale":"en-us","time":"2020-10-13T05:35:53.655Z","user":"bltf01cfddcefa2394d","version":1},{"environment":"bltc19480c2910c3397","locale":"en-us","time":"2020-10-16T13:21:58.988Z","user":"bltf01cfddcefa2394d","version":1}]},"blt906f54da3b811ff7":{"uid":"blt906f54da3b811ff7","content_type":"image/png","file_size":"9117","tags":[],"filename":"cake.png","url":"https://images.contentstack.io/v3/assets/bltd54883dc2bec88dc/blt906f54da3b811ff7/5f84247b4376310c19e2d225/cake.png","ACL":{"roles":[],"others":{"read":false,"create":false,"update":false,"delete":false,"sub_acl":{"read":false,"create":false,"update":false,"delete":false,"publish":false}}},"is_dir":false,"_version":1,"title":"cake.png","publish_details":[{"environment":"blt2d0475c75ad53cbe","locale":"en-us","time":"2020-10-13T05:35:53.655Z","user":"bltf01cfddcefa2394d","version":1},{"environment":"bltc19480c2910c3397","locale":"en-us","time":"2020-10-16T13:21:58.988Z","user":"bltf01cfddcefa2394d","version":1}]},"bltf346a4e145c85c88":{"uid":"bltf346a4e145c85c88","content_type":"image/png","file_size":"27947","tags":[],"filename":"circus.png","url":"https://images.contentstack.io/v3/assets/bltd54883dc2bec88dc/bltf346a4e145c85c88/5f8424773b19d21d4a6020aa/circus.png","ACL":{"roles":[],"others":{"read":false,"create":false,"update":false,"delete":false,"sub_acl":{"read":false,"create":false,"update":false,"delete":false,"publish":false}}},"is_dir":false,"parent_uid":null,"_version":1,"title":"circus.png","publish_details":[{"environment":"blt2d0475c75ad53cbe","locale":"en-us","time":"2020-10-13T05:35:53.655Z","user":"bltf01cfddcefa2394d","version":1},{"environment":"bltc19480c2910c3397","locale":"en-us","time":"2020-10-16T13:21:58.988Z","user":"bltf01cfddcefa2394d","version":1}]},"blt52d1f31cfe7275eb":{"uid":"blt52d1f31cfe7275eb","content_type":"image/png","file_size":"25859","tags":[],"filename":"game.png","url":"https://images.contentstack.io/v3/assets/bltd54883dc2bec88dc/blt52d1f31cfe7275eb/5f84247882eaa522ca5fb7e5/game.png","ACL":{"roles":[],"others":{"read":false,"create":false,"update":false,"delete":false,"sub_acl":{"read":false,"create":false,"update":false,"delete":false,"publish":false}}},"is_dir":false,"_version":1,"title":"game.png","publish_details":[{"environment":"blt2d0475c75ad53cbe","locale":"en-us","time":"2020-10-13T05:35:53.655Z","user":"bltf01cfddcefa2394d","version":1},{"environment":"bltc19480c2910c3397","locale":"en-us","time":"2020-10-16T13:21:58.988Z","user":"bltf01cfddcefa2394d","version":1}]},"blt3d46594c335524f4":{"uid":"blt3d46594c335524f4","content_type":"image/png","file_size":"12058","tags":[],"filename":"safe.png","url":"https://images.contentstack.io/v3/assets/bltd54883dc2bec88dc/blt3d46594c335524f4/5f84246bfa1c110d5672bdf8/safe.png","ACL":{"roles":[],"others":{"read":false,"create":false,"update":false,"delete":false,"sub_acl":{"read":false,"create":false,"update":false,"delete":false,"publish":false}}},"is_dir":false,"_version":1,"title":"safe.png","publish_details":[{"environment":"blt2d0475c75ad53cbe","locale":"en-us","time":"2020-10-13T05:35:53.655Z","user":"bltf01cfddcefa2394d","version":1},{"environment":"bltc19480c2910c3397","locale":"en-us","time":"2020-10-16T13:21:58.988Z","user":"bltf01cfddcefa2394d","version":1}]},"bltcaf165218c142abc":{"uid":"bltcaf165218c142abc","content_type":"image/jpeg","file_size":"71901","tags":[],"filename":"game_carousel_4.jpg","url":"https://images.contentstack.io/v3/assets/bltd54883dc2bec88dc/bltcaf165218c142abc/5f8432ab3bf9954172cf641b/game_carousel_4.jpg","ACL":{"roles":[],"others":{"read":false,"create":false,"update":false,"delete":false,"sub_acl":{"read":false,"create":false,"update":false,"delete":false,"publish":false}}},"is_dir":false,"parent_uid":null,"_version":1,"title":"game_carousel_4.jpg","publish_details":[{"environment":"blt2d0475c75ad53cbe","locale":"en-us","time":"2020-10-13T05:33:30.158Z","user":"bltf01cfddcefa2394d","version":1},{"environment":"bltc19480c2910c3397","locale":"en-us","time":"2020-10-16T13:22:47.394Z","user":"bltf01cfddcefa2394d","version":1}]},"blt14e3b7bb964189ff":{"uid":"blt14e3b7bb964189ff","content_type":"image/jpeg","file_size":"58217","tags":[],"filename":"game_carousel_1.jpg","url":"https://images.contentstack.io/v3/assets/bltd54883dc2bec88dc/blt14e3b7bb964189ff/5f8432ac1529bb3239a1d8f9/game_carousel_1.jpg","ACL":{"roles":[],"others":{"read":false,"create":false,"update":false,"delete":false,"sub_acl":{"read":false,"create":false,"update":false,"delete":false,"publish":false}}},"is_dir":false,"parent_uid":null,"_version":1,"title":"game_carousel_1.jpg","publish_details":[{"environment":"blt2d0475c75ad53cbe","locale":"en-us","time":"2020-10-13T05:33:30.158Z","user":"bltf01cfddcefa2394d","version":1},{"environment":"bltc19480c2910c3397","locale":"en-us","time":"2020-10-16T13:22:47.394Z","user":"bltf01cfddcefa2394d","version":1}]},"blt81826794df70ec16":{"uid":"blt81826794df70ec16","content_type":"image/jpeg","file_size":"50937","tags":[],"filename":"game_carousel_2.jpg","url":"https://images.contentstack.io/v3/assets/bltd54883dc2bec88dc/blt81826794df70ec16/5f8432aba50ed742e7fca8c0/game_carousel_2.jpg","ACL":{"roles":[],"others":{"read":false,"create":false,"update":false,"delete":false,"sub_acl":{"read":false,"create":false,"update":false,"delete":false,"publish":false}}},"is_dir":false,"parent_uid":null,"_version":1,"title":"game_carousel_2.jpg","publish_details":[{"environment":"blt2d0475c75ad53cbe","locale":"en-us","time":"2020-10-13T05:33:30.158Z","user":"bltf01cfddcefa2394d","version":1},{"environment":"bltc19480c2910c3397","locale":"en-us","time":"2020-10-16T13:22:47.394Z","user":"bltf01cfddcefa2394d","version":1}]},"blt8341bd4dbcb0cf5d":{"uid":"blt8341bd4dbcb0cf5d","content_type":"image/jpeg","file_size":"42053","tags":[],"filename":"sports-blog-post.jpg","url":"https://images.contentstack.io/v3/assets/bltd54883dc2bec88dc/blt8341bd4dbcb0cf5d/5f8432e9a50ed742e7fca8c4/sports-blog-post.jpg","ACL":{"roles":[],"others":{"read":false,"create":false,"update":false,"delete":false,"sub_acl":{"read":false,"create":false,"update":false,"delete":false,"publish":false}}},"is_dir":false,"parent_uid":null,"_version":1,"title":"sports-blog-post.jpg","publish_details":[{"environment":"blt2d0475c75ad53cbe","locale":"en-us","time":"2020-10-13T05:33:30.158Z","user":"bltf01cfddcefa2394d","version":1},{"environment":"bltc19480c2910c3397","locale":"en-us","time":"2020-10-16T13:22:47.394Z","user":"bltf01cfddcefa2394d","version":1}]},"blt7cf2319ea3dae11d":{"uid":"blt7cf2319ea3dae11d","content_type":"image/jpeg","file_size":"42366","tags":[],"filename":"game_carousel_3.jpg","url":"https://images.contentstack.io/v3/assets/bltd54883dc2bec88dc/blt7cf2319ea3dae11d/5f8432ac2f59ae27f3d5f467/game_carousel_3.jpg","ACL":{"roles":[],"others":{"read":false,"create":false,"update":false,"delete":false,"sub_acl":{"read":false,"create":false,"update":false,"delete":false,"publish":false}}},"is_dir":false,"parent_uid":null,"_version":1,"title":"game_carousel_3.jpg","publish_details":[{"environment":"blt2d0475c75ad53cbe","locale":"en-us","time":"2020-10-13T05:33:30.158Z","user":"bltf01cfddcefa2394d","version":1},{"environment":"bltc19480c2910c3397","locale":"en-us","time":"2020-10-16T13:22:47.394Z","user":"bltf01cfddcefa2394d","version":1}]},"bltaf7e82637bcb1ac4":{"uid":"bltaf7e82637bcb1ac4","content_type":"image/jpeg","file_size":"104784","tags":[],"filename":"science_and_technology.jpg","url":"https://images.contentstack.io/v3/assets/bltd54883dc2bec88dc/bltaf7e82637bcb1ac4/5f8432eaace59e4b82916310/science_and_technology.jpg","ACL":{"roles":[],"others":{"read":false,"create":false,"update":false,"delete":false,"sub_acl":{"read":false,"create":false,"update":false,"delete":false,"publish":false}}},"is_dir":false,"parent_uid":null,"_version":1,"title":"science_and_technology.jpg","publish_details":[{"environment":"blt2d0475c75ad53cbe","locale":"en-us","time":"2020-10-13T05:33:30.158Z","user":"bltf01cfddcefa2394d","version":1},{"environment":"bltc19480c2910c3397","locale":"en-us","time":"2020-10-16T13:22:47.394Z","user":"bltf01cfddcefa2394d","version":1}]},"blt2196fd32611b1b54":{"uid":"blt2196fd32611b1b54","content_type":"image/jpeg","file_size":"80565","tags":[],"filename":"blogs_hero_banner.jpg","url":"https://images.contentstack.io/v3/assets/bltd54883dc2bec88dc/blt2196fd32611b1b54/5f8432ea9245d74a2063d7b1/blogs_hero_banner.jpg","ACL":{"roles":[],"others":{"read":false,"create":false,"update":false,"delete":false,"sub_acl":{"read":false,"create":false,"update":false,"delete":false,"publish":false}}},"is_dir":false,"parent_uid":null,"_version":1,"title":"blogs_hero_banner.jpg","publish_details":[]},"blt0f7bc39ffefee6dc":{"uid":"blt0f7bc39ffefee6dc","content_type":"image/jpeg","file_size":"39133","tags":[],"filename":"travel-blog-banner.jpg","url":"https://images.contentstack.io/v3/assets/bltd54883dc2bec88dc/blt0f7bc39ffefee6dc/5f8432eb1252ff30caf6054a/travel-blog-banner.jpg","ACL":{"roles":[],"others":{"read":false,"create":false,"update":false,"delete":false,"sub_acl":{"read":false,"create":false,"update":false,"delete":false,"publish":false}}},"is_dir":false,"parent_uid":null,"_version":1,"title":"travel-blog-banner.jpg","publish_details":[{"environment":"blt2d0475c75ad53cbe","locale":"en-us","time":"2020-10-13T05:33:30.158Z","user":"bltf01cfddcefa2394d","version":1},{"environment":"bltc19480c2910c3397","locale":"en-us","time":"2020-10-16T13:22:47.394Z","user":"bltf01cfddcefa2394d","version":1}]},"blt0c0b46f721dea95e":{"uid":"blt0c0b46f721dea95e","content_type":"image/png","file_size":"78256","tags":[],"filename":"gaming-blog-post.png","url":"https://images.contentstack.io/v3/assets/bltd54883dc2bec88dc/blt0c0b46f721dea95e/5f8432ebf9d3bf27fac3a4e1/gaming-blog-post.png","ACL":{"roles":[],"others":{"read":false,"create":false,"update":false,"delete":false,"sub_acl":{"read":false,"create":false,"update":false,"delete":false,"publish":false}}},"is_dir":false,"parent_uid":null,"_version":1,"title":"gaming-blog-post.png","publish_details":[{"environment":"blt2d0475c75ad53cbe","locale":"en-us","time":"2020-10-13T05:33:30.158Z","user":"bltf01cfddcefa2394d","version":1},{"environment":"bltc19480c2910c3397","locale":"en-us","time":"2020-10-16T13:22:47.394Z","user":"bltf01cfddcefa2394d","version":1}]},"blt7eb32add8ccab9f7":{"uid":"blt7eb32add8ccab9f7","content_type":"image/png","file_size":"4789","tags":[],"filename":"icons8-quote-left-64.png","url":"https://images.contentstack.io/v3/assets/bltd54883dc2bec88dc/blt7eb32add8ccab9f7/5f8424435955180f989ef2a2/icons8-quote-left-64.png","ACL":{"roles":[],"others":{"read":false,"create":false,"update":false,"delete":false,"sub_acl":{"read":false,"create":false,"update":false,"delete":false,"publish":false}}},"is_dir":false,"parent_uid":null,"_version":1,"title":"icons8-quote-left-64.png","publish_details":[]},"blt8a48baced9b4641f":{"uid":"blt8a48baced9b4641f","content_type":"image/png","file_size":"36477","tags":[],"filename":"cabin.png","url":"https://images.contentstack.io/v3/assets/bltd54883dc2bec88dc/blt8a48baced9b4641f/5f84245e18967612e58a0720/cabin.png","ACL":{"roles":[],"others":{"read":false,"create":false,"update":false,"delete":false,"sub_acl":{"read":false,"create":false,"update":false,"delete":false,"publish":false}}},"is_dir":false,"_version":1,"title":"cabin.png","publish_details":[{"environment":"blt2d0475c75ad53cbe","locale":"en-us","time":"2020-10-13T05:35:53.655Z","user":"bltf01cfddcefa2394d","version":1},{"environment":"bltc19480c2910c3397","locale":"en-us","time":"2020-10-16T13:21:58.988Z","user":"bltf01cfddcefa2394d","version":1}]},"bltffe1025105b324e9":{"uid":"bltffe1025105b324e9","content_type":"image/jpeg","file_size":"1139848","tags":[],"filename":"education.jpg","url":"https://images.contentstack.io/v3/assets/bltd54883dc2bec88dc/bltffe1025105b324e9/5f84244618bf360ec7ca23b2/education.jpg","ACL":{"roles":[],"others":{"read":false,"create":false,"update":false,"delete":false,"sub_acl":{"read":false,"create":false,"update":false,"delete":false,"publish":false}}},"is_dir":false,"_version":1,"title":"education.jpg","publish_details":[{"environment":"blt2d0475c75ad53cbe","locale":"en-us","time":"2020-10-13T05:33:30.158Z","user":"bltf01cfddcefa2394d","version":1},{"environment":"bltc19480c2910c3397","locale":"en-us","time":"2020-10-16T13:22:47.394Z","user":"bltf01cfddcefa2394d","version":1}]}}