[{"uid":"bltffe1025105b324e9","content_type":"image/jpeg","file_size":"1139848","tags":[],"filename":"education.jpg","url":"https://images.contentstack.io/v3/assets/bltd54883dc2bec88dc/bltffe1025105b324e9/5f84244618bf360ec7ca23b2/education.jpg","ACL":{},"is_dir":false,"_version":1,"title":"education.jpg","publish_details":[{"environment":"blt2d0475c75ad53cbe","locale":"en-us","time":"2020-10-13T05:33:30.158Z","user":"bltf01cfddcefa2394d","version":1},{"environment":"bltc19480c2910c3397","locale":"en-us","time":"2020-10-16T13:22:47.394Z","user":"bltf01cfddcefa2394d","version":1}]}]