[{"uid":"blt906f54da3b811ff7","content_type":"image/png","file_size":"9117","tags":[],"filename":"cake.png","url":"https://images.contentstack.io/v3/assets/bltd54883dc2bec88dc/blt906f54da3b811ff7/5f84247b4376310c19e2d225/cake.png","ACL":{},"is_dir":false,"_version":1,"title":"cake.png","publish_details":[{"environment":"blt2d0475c75ad53cbe","locale":"en-us","time":"2020-10-13T05:35:53.655Z","user":"bltf01cfddcefa2394d","version":1},{"environment":"bltc19480c2910c3397","locale":"en-us","time":"2020-10-16T13:21:58.988Z","user":"bltf01cfddcefa2394d","version":1}]}]