[{"uid":"blt8341bd4dbcb0cf5d","content_type":"image/jpeg","file_size":"42053","tags":[],"filename":"sports-blog-post.jpg","url":"https://images.contentstack.io/v3/assets/bltd54883dc2bec88dc/blt8341bd4dbcb0cf5d/5f8432e9a50ed742e7fca8c4/sports-blog-post.jpg","ACL":{},"is_dir":false,"parent_uid":null,"_version":1,"title":"sports-blog-post.jpg","publish_details":[{"environment":"blt2d0475c75ad53cbe","locale":"en-us","time":"2020-10-13T05:33:30.158Z","user":"bltf01cfddcefa2394d","version":1},{"environment":"bltc19480c2910c3397","locale":"en-us","time":"2020-10-16T13:22:47.394Z","user":"bltf01cfddcefa2394d","version":1}]}]