[{"uid":"bltf346a4e145c85c88","content_type":"image/png","file_size":"27947","tags":[],"filename":"circus.png","url":"https://images.contentstack.io/v3/assets/bltd54883dc2bec88dc/bltf346a4e145c85c88/5f8424773b19d21d4a6020aa/circus.png","ACL":{},"is_dir":false,"parent_uid":null,"_version":1,"title":"circus.png","publish_details":[{"environment":"blt2d0475c75ad53cbe","locale":"en-us","time":"2020-10-13T05:35:53.655Z","user":"bltf01cfddcefa2394d","version":1},{"environment":"bltc19480c2910c3397","locale":"en-us","time":"2020-10-16T13:21:58.988Z","user":"bltf01cfddcefa2394d","version":1}]}]