[{"uid":"blt81826794df70ec16","content_type":"image/jpeg","file_size":"50937","tags":[],"filename":"game_carousel_2.jpg","url":"https://images.contentstack.io/v3/assets/bltd54883dc2bec88dc/blt81826794df70ec16/5f8432aba50ed742e7fca8c0/game_carousel_2.jpg","ACL":{},"is_dir":false,"parent_uid":null,"_version":1,"title":"game_carousel_2.jpg","publish_details":[{"environment":"blt2d0475c75ad53cbe","locale":"en-us","time":"2020-10-13T05:33:30.158Z","user":"bltf01cfddcefa2394d","version":1},{"environment":"bltc19480c2910c3397","locale":"en-us","time":"2020-10-16T13:22:47.394Z","user":"bltf01cfddcefa2394d","version":1}]}]