[{"uid":"blt066dae2b61a59d60","content_type":"image/jpeg","file_size":"143587","tags":[],"filename":"travel-blog-1.jpg","url":"https://images.contentstack.io/v3/assets/bltd54883dc2bec88dc/blt066dae2b61a59d60/5f843351dcf0e74b7cbf4e06/travel-blog-1.jpg","ACL":{},"is_dir":false,"parent_uid":null,"_version":1,"title":"travel-blog-1.jpg","publish_details":[{"environment":"blt2d0475c75ad53cbe","locale":"en-us","time":"2020-10-13T05:33:30.158Z","user":"bltf01cfddcefa2394d","version":1},{"environment":"bltc19480c2910c3397","locale":"en-us","time":"2020-10-16T13:22:47.394Z","user":"bltf01cfddcefa2394d","version":1}]}]