{"blt50622caab0185ae4":{"title":"Freelancer - Start Bootstrap Theme","url":"/","banner":{"title":"START BOOTSTRAP","description":"Web Developer - Graphic Artist - User Experience Designer","image":{"uid":"bltca899ee086c970e7","created_at":"2020-10-12T09:39:56.438Z","updated_at":"2020-10-12T09:39:56.438Z","created_by":"bltf01cfddcefa2394d","updated_by":"bltf01cfddcefa2394d","content_type":"image/png","file_size":"10247","tags":[],"filename":"profile.png","url":"https://images.contentstack.io/v3/assets/bltd54883dc2bec88dc/bltca899ee086c970e7/5f84246c18bf360ec7ca23b6/profile.png","ACL":[],"is_dir":false,"_version":1,"title":"profile.png","publish_details":[{"environment":"blt2d0475c75ad53cbe","locale":"en-us","time":"2020-10-13T05:35:53.655Z","user":"bltf01cfddcefa2394d","version":1},{"environment":"bltc19480c2910c3397","locale":"en-us","time":"2020-10-16T13:21:58.988Z","user":"bltf01cfddcefa2394d","version":1}]}},"portfolio":{"title":"PORTFOLIO","portfolo_details":[{"title":"PROJECT TITLE 1","_metadata":{"uid":"csaac3dd4247a74a49"},"hash_link":"portfolioModal1","description":"<p>Use this area of the page to describe your project. The icon above is part of a free icon set by <a href=\"https://app.contentstack.com/%22https://sellfy.com/p/8Q9P//%22\" target=\"\\\" _blank\\\"\"=\"\">Flat Icons</a>. On their website, you can download their free set with 16 icons, or you can purchase the entire set with 146 icons for only $12!</p>","image":{"uid":"blt8a48baced9b4641f","created_at":"2020-10-12T09:39:42.378Z","updated_at":"2020-10-12T09:39:42.378Z","created_by":"bltf01cfddcefa2394d","updated_by":"bltf01cfddcefa2394d","content_type":"image/png","file_size":"36477","tags":[],"filename":"cabin.png","url":"https://images.contentstack.io/v3/assets/bltd54883dc2bec88dc/blt8a48baced9b4641f/5f84245e18967612e58a0720/cabin.png","ACL":[],"is_dir":false,"_version":1,"title":"cabin.png","publish_details":[{"environment":"blt2d0475c75ad53cbe","locale":"en-us","time":"2020-10-13T05:35:53.655Z","user":"bltf01cfddcefa2394d","version":1},{"environment":"bltc19480c2910c3397","locale":"en-us","time":"2020-10-16T13:21:58.988Z","user":"bltf01cfddcefa2394d","version":1}]},"client":"Start Bootstrap","client_link":"http://startbootstrap.com","service":"Web Development","service_link":"http://startbootstrap.com","date":"April 2014","date_link":"http://startbootstrap.com"},{"title":"PROJECT TITLE 2","_metadata":{"uid":"cs1d2d2b049a8e2dec"},"hash_link":"portfolioModal2","description":"<p>Use this area of the page to describe your project. The icon above is part of a free icon set by <a href=\"https://app.contentstack.com/%22https://sellfy.com/p/8Q9P//%22\" target=\"\\&quot;_blank\\&quot;\">Flat Icons</a>. On their website, you can download their free set with 16 icons, or you can purchase the entire set with 146 icons for only $12!</p>","image":{"uid":"blt906f54da3b811ff7","created_at":"2020-10-12T09:40:11.634Z","updated_at":"2020-10-12T09:40:11.634Z","created_by":"bltf01cfddcefa2394d","updated_by":"bltf01cfddcefa2394d","content_type":"image/png","file_size":"9117","tags":[],"filename":"cake.png","url":"https://images.contentstack.io/v3/assets/bltd54883dc2bec88dc/blt906f54da3b811ff7/5f84247b4376310c19e2d225/cake.png","ACL":[],"is_dir":false,"_version":1,"title":"cake.png","publish_details":[{"environment":"blt2d0475c75ad53cbe","locale":"en-us","time":"2020-10-13T05:35:53.655Z","user":"bltf01cfddcefa2394d","version":1},{"environment":"bltc19480c2910c3397","locale":"en-us","time":"2020-10-16T13:21:58.988Z","user":"bltf01cfddcefa2394d","version":1}]},"client":"Start Bootstrap","client_link":"http://startbootstrap.com","service":"Web Development","service_link":"http://startbootstrap.com","date":"April 2014","date_link":"http://startbootstrap.com"},{"title":"PROJECT TITLE 3","_metadata":{"uid":"cs369626f3acb363ad"},"hash_link":"portfolioModal3","description":"<p>Use this area of the page to describe your project. The icon above is part of a free icon set by <a href=\"https://app.contentstack.com/%22https://sellfy.com/p/8Q9P//%22\" target=\"\\&quot;_blank\\&quot;\">Flat Icons</a>. On their website, you can download their free set with 16 icons, or you can purchase the entire set with 146 icons for only $12!</p>","image":{"uid":"bltf346a4e145c85c88","created_at":"2020-10-12T09:40:07.102Z","updated_at":"2020-10-12T09:40:07.102Z","created_by":"bltf01cfddcefa2394d","updated_by":"bltf01cfddcefa2394d","content_type":"image/png","file_size":"27947","tags":[],"filename":"circus.png","url":"https://images.contentstack.io/v3/assets/bltd54883dc2bec88dc/bltf346a4e145c85c88/5f8424773b19d21d4a6020aa/circus.png","ACL":[],"is_dir":false,"parent_uid":null,"_version":1,"title":"circus.png","publish_details":[{"environment":"blt2d0475c75ad53cbe","locale":"en-us","time":"2020-10-13T05:35:53.655Z","user":"bltf01cfddcefa2394d","version":1},{"environment":"bltc19480c2910c3397","locale":"en-us","time":"2020-10-16T13:21:58.988Z","user":"bltf01cfddcefa2394d","version":1}]},"client":"Start Bootstrap","client_link":"http://startbootstrap.com","service":"Web Development","service_link":"http://startbootstrap.com","date":"April 2014","date_link":"http://startbootstrap.com"},{"title":"PROJECT TITLE 4","_metadata":{"uid":"cs0723437e4b5974b2"},"hash_link":"portfolioModal4","description":"<p>Use this area of the page to describe your project. The icon above is part of a free icon set by <a href=\"https://app.contentstack.com/%22https://sellfy.com/p/8Q9P//%22\" target=\"\\&quot;_blank\\&quot;\">Flat Icons</a>. On their website, you can download their free set with 16 icons, or you can purchase the entire set with 146 icons for only $12!</p>","image":{"uid":"blt52d1f31cfe7275eb","created_at":"2020-10-12T09:40:08.615Z","updated_at":"2020-10-12T09:40:08.615Z","created_by":"bltf01cfddcefa2394d","updated_by":"bltf01cfddcefa2394d","content_type":"image/png","file_size":"25859","tags":[],"filename":"game.png","url":"https://images.contentstack.io/v3/assets/bltd54883dc2bec88dc/blt52d1f31cfe7275eb/5f84247882eaa522ca5fb7e5/game.png","ACL":[],"is_dir":false,"_version":1,"title":"game.png","publish_details":[{"environment":"blt2d0475c75ad53cbe","locale":"en-us","time":"2020-10-13T05:35:53.655Z","user":"bltf01cfddcefa2394d","version":1},{"environment":"bltc19480c2910c3397","locale":"en-us","time":"2020-10-16T13:21:58.988Z","user":"bltf01cfddcefa2394d","version":1}]},"client":"Start Bootstrap","client_link":"http://startbootstrap.com","service":"Web Development","service_link":"http://startbootstrap.com","date":"April 2014","date_link":"http://startbootstrap.com"},{"title":"PROJECT TITLE 5","_metadata":{"uid":"cs3b874debf2f3f3a4"},"hash_link":"portfolioModal5","description":"<p>Use this area of the page to describe your project. The icon above is part of a free icon set by <a href=\"https://app.contentstack.com/%22https://sellfy.com/p/8Q9P//%22\" target=\"\\&quot;_blank\\&quot;\">Flat Icons</a>. On their website, you can download their free set with 16 icons, or you can purchase the entire set with 146 icons for only $12!</p>","image":{"uid":"blt3d46594c335524f4","created_at":"2020-10-12T09:39:55.296Z","updated_at":"2020-10-12T09:39:55.296Z","created_by":"bltf01cfddcefa2394d","updated_by":"bltf01cfddcefa2394d","content_type":"image/png","file_size":"12058","tags":[],"filename":"safe.png","url":"https://images.contentstack.io/v3/assets/bltd54883dc2bec88dc/blt3d46594c335524f4/5f84246bfa1c110d5672bdf8/safe.png","ACL":[],"is_dir":false,"_version":1,"title":"safe.png","publish_details":[{"environment":"blt2d0475c75ad53cbe","locale":"en-us","time":"2020-10-13T05:35:53.655Z","user":"bltf01cfddcefa2394d","version":1},{"environment":"bltc19480c2910c3397","locale":"en-us","time":"2020-10-16T13:21:58.988Z","user":"bltf01cfddcefa2394d","version":1}]},"client":"Start Bootstrap","client_link":"http://startbootstrap.com","service":"Web Development","service_link":"http://startbootstrap.com","date":"April 2014","date_link":"http://startbootstrap.com"},{"title":"PROJECT TITLE 6","_metadata":{"uid":"cs4829999cff9fe667"},"hash_link":"portfolioModal6","description":"<p>Use this area of the page to describe your project. The icon above is part of a free icon set by <a href=\"https://app.contentstack.com/%22https://sellfy.com/p/8Q9P//%22\" target=\"\\&quot;_blank\\&quot;\">Flat Icons</a>. On their website, you can download their free set with 16 icons, or you can purchase the entire set with 146 icons for only $12!</p>","image":{"uid":"blt80e44206e8ca7931","created_at":"2020-10-12T09:39:55.229Z","updated_at":"2020-10-12T09:39:55.229Z","created_by":"bltf01cfddcefa2394d","updated_by":"bltf01cfddcefa2394d","content_type":"image/png","file_size":"24293","tags":[],"filename":"submarine.png","url":"https://images.contentstack.io/v3/assets/bltd54883dc2bec88dc/blt80e44206e8ca7931/5f84246b6c54ba0f72c1a53e/submarine.png","ACL":[],"is_dir":false,"parent_uid":null,"_version":1,"title":"submarine.png","publish_details":[{"environment":"blt2d0475c75ad53cbe","locale":"en-us","time":"2020-10-13T05:35:53.655Z","user":"bltf01cfddcefa2394d","version":1},{"environment":"bltc19480c2910c3397","locale":"en-us","time":"2020-10-16T13:21:58.988Z","user":"bltf01cfddcefa2394d","version":1}]},"client":"Start Bootstrap","client_link":"http://startbootstrap.com","service":"Web Development","service_link":"http://startbootstrap.com","date":"April 2014","date_link":"http://startbootstrap.com"}]},"about":{"title":"ABOUT","left_description":"Freelancer is a free bootstrap theme created by Start Bootstrap. OneThe download includes the complete source files including HTML, CSS, and JavaScript as well as optional LESS stylesheets for easy customization.","right_description":"Whether you're a student looking to showcase your work, a professional looking to attract clients, or a graphic artist looking to share your projects, this template is the perfect starting point!"},"contact":{"title":"CONTACT ME","address":"8th Floor, New Viva College, New, Viva College Rd, opposite DMart, Vartak Ward, Virar West,  401303","phone_number":2506455396,"email":"contact@raweng.com"},"tags":[],"locale":"en-us","ACL":{},"select":["A-Z","Z-A"],"uid":"blt50622caab0185ae4","created_by":"bltf01cfddcefa2394d","updated_by":"bltf01cfddcefa2394d","created_at":"2020-10-12T09:44:47.126Z","updated_at":"2020-10-13T05:35:47.676Z","_version":3,"_in_progress":false,"seo":{"meta_description":"This is the home page for React js sample app","meta_keywords":"home","meta_title":"Home"},"publish_details":[{"environment":"blt2d0475c75ad53cbe","locale":"en-us","time":"2020-10-13T05:35:53.655Z","user":"bltf01cfddcefa2394d","version":3},{"environment":"bltc19480c2910c3397","locale":"en-us","time":"2020-10-16T13:21:58.988Z","user":"bltf01cfddcefa2394d","version":3}]}}