[{"uid":"blta7faa6ad5d90e9a2","content_type":"image/jpeg","file_size":"265058","tags":[],"filename":"travel-blog-2.jpg","url":"https://images.contentstack.io/v3/assets/bltd54883dc2bec88dc/blta7faa6ad5d90e9a2/5f8433523f523326420763f3/travel-blog-2.jpg","ACL":{},"is_dir":false,"parent_uid":null,"_version":1,"title":"travel-blog-2.jpg","publish_details":[{"environment":"blt2d0475c75ad53cbe","locale":"en-us","time":"2020-10-13T05:33:30.158Z","user":"bltf01cfddcefa2394d","version":1},{"environment":"bltc19480c2910c3397","locale":"en-us","time":"2020-10-16T13:22:47.394Z","user":"bltf01cfddcefa2394d","version":1}]}]